Node	Rels	Property	Counter:int
0	47	TEST	0
1	12	TEST	1
2	37	TEST	2
3	38	TEST	3
4	4	TEST	4
5	22	TEST	5
6	49	TEST	6
7	16	TEST	7
8	15	TEST	8
9	16	TEST	9
10	4	TEST	10
11	48	TEST	11
12	13	TEST	12
13	26	TEST	13
14	23	TEST	14
15	4	TEST	15
16	20	TEST	16
17	9	TEST	17
18	44	TEST	18
19	3	TEST	19
20	36	TEST	20
21	14	TEST	21
22	47	TEST	22
23	19	TEST	23
24	26	TEST	24
25	42	TEST	25
26	17	TEST	26
27	33	TEST	27
28	20	TEST	28
29	9	TEST	29
30	11	TEST	30
31	4	TEST	31
32	14	TEST	32
33	49	TEST	33
34	37	TEST	34
35	33	TEST	35
36	27	TEST	36
37	41	TEST	37
38	5	TEST	38
39	25	TEST	39
40	32	TEST	40
41	43	TEST	41
42	18	TEST	42
43	29	TEST	43
44	24	TEST	44
45	9	TEST	45
46	47	TEST	46
47	40	TEST	47
48	16	TEST	48
49	43	TEST	49
50	40	TEST	50
51	17	TEST	51
52	37	TEST	52
53	39	TEST	53
54	30	TEST	54
55	31	TEST	55
56	18	TEST	56
57	22	TEST	57
58	47	TEST	58
59	22	TEST	59
60	32	TEST	60
61	47	TEST	61
62	20	TEST	62
63	24	TEST	63
64	22	TEST	64
65	49	TEST	65
66	22	TEST	66
67	45	TEST	67
68	35	TEST	68
69	22	TEST	69
70	14	TEST	70
71	27	TEST	71
72	22	TEST	72
73	25	TEST	73
74	13	TEST	74
75	42	TEST	75
76	4	TEST	76
77	2	TEST	77
78	44	TEST	78
79	8	TEST	79
80	46	TEST	80
81	43	TEST	81
82	26	TEST	82
83	7	TEST	83
84	44	TEST	84
85	18	TEST	85
86	7	TEST	86
87	14	TEST	87
88	45	TEST	88
89	44	TEST	89
90	45	TEST	90
91	3	TEST	91
92	5	TEST	92
93	23	TEST	93
94	33	TEST	94
95	12	TEST	95
96	15	TEST	96
97	6	TEST	97
98	14	TEST	98
99	11	TEST	99
100	9	TEST	100
101	13	TEST	101
102	3	TEST	102
103	25	TEST	103
104	45	TEST	104
105	42	TEST	105
106	42	TEST	106
107	17	TEST	107
108	44	TEST	108
109	2	TEST	109
110	40	TEST	110
111	11	TEST	111
112	19	TEST	112
113	18	TEST	113
114	34	TEST	114
115	33	TEST	115
116	4	TEST	116
117	7	TEST	117
118	42	TEST	118
119	14	TEST	119
120	39	TEST	120
121	7	TEST	121
122	16	TEST	122
123	3	TEST	123
124	18	TEST	124
125	43	TEST	125
126	33	TEST	126
127	43	TEST	127
128	15	TEST	128
129	20	TEST	129
130	13	TEST	130
131	3	TEST	131
132	42	TEST	132
133	47	TEST	133
134	31	TEST	134
135	20	TEST	135
136	45	TEST	136
137	33	TEST	137
138	25	TEST	138
139	45	TEST	139
140	38	TEST	140
141	46	TEST	141
142	18	TEST	142
143	40	TEST	143
144	15	TEST	144
145	21	TEST	145
146	5	TEST	146
147	47	TEST	147
148	26	TEST	148
149	19	TEST	149
150	19	TEST	150
151	21	TEST	151
152	0	TEST	152
153	28	TEST	153
154	43	TEST	154
155	24	TEST	155
156	38	TEST	156
157	7	TEST	157
158	41	TEST	158
159	24	TEST	159
160	3	TEST	160
161	49	TEST	161
162	13	TEST	162
163	8	TEST	163
164	49	TEST	164
165	27	TEST	165
166	4	TEST	166
167	19	TEST	167
168	28	TEST	168
169	40	TEST	169
170	16	TEST	170
171	29	TEST	171
172	44	TEST	172
173	20	TEST	173
174	30	TEST	174
175	26	TEST	175
176	9	TEST	176
177	9	TEST	177
178	29	TEST	178
179	14	TEST	179
180	45	TEST	180
181	48	TEST	181
182	4	TEST	182
183	5	TEST	183
184	12	TEST	184
185	35	TEST	185
186	20	TEST	186
187	15	TEST	187
188	39	TEST	188
189	32	TEST	189
190	17	TEST	190
191	8	TEST	191
192	14	TEST	192
193	18	TEST	193
194	37	TEST	194
195	3	TEST	195
196	36	TEST	196
197	13	TEST	197
198	39	TEST	198
199	38	TEST	199
200	14	TEST	200
201	10	TEST	201
202	9	TEST	202
203	39	TEST	203
204	28	TEST	204
205	3	TEST	205
206	8	TEST	206
207	40	TEST	207
208	28	TEST	208
209	1	TEST	209
210	32	TEST	210
211	29	TEST	211
212	44	TEST	212
213	39	TEST	213
214	49	TEST	214
215	10	TEST	215
216	44	TEST	216
217	46	TEST	217
218	0	TEST	218
219	28	TEST	219
220	30	TEST	220
221	48	TEST	221
222	26	TEST	222
223	25	TEST	223
224	26	TEST	224
225	21	TEST	225
226	38	TEST	226
227	0	TEST	227
228	39	TEST	228
229	45	TEST	229
230	6	TEST	230
231	2	TEST	231
232	38	TEST	232
233	24	TEST	233
234	3	TEST	234
235	18	TEST	235
236	17	TEST	236
237	10	TEST	237
238	33	TEST	238
239	20	TEST	239
240	18	TEST	240
241	3	TEST	241
242	33	TEST	242
243	1	TEST	243
244	6	TEST	244
245	3	TEST	245
246	0	TEST	246
247	41	TEST	247
248	41	TEST	248
249	47	TEST	249
250	11	TEST	250
251	35	TEST	251
252	2	TEST	252
253	31	TEST	253
254	16	TEST	254
255	3	TEST	255
256	41	TEST	256
257	48	TEST	257
258	21	TEST	258
259	38	TEST	259
260	20	TEST	260
261	4	TEST	261
262	44	TEST	262
263	40	TEST	263
264	34	TEST	264
265	30	TEST	265
266	18	TEST	266
267	25	TEST	267
268	9	TEST	268
269	14	TEST	269
270	29	TEST	270
271	47	TEST	271
272	6	TEST	272
273	33	TEST	273
274	19	TEST	274
275	31	TEST	275
276	39	TEST	276
277	43	TEST	277
278	26	TEST	278
279	44	TEST	279
280	48	TEST	280
281	28	TEST	281
282	48	TEST	282
283	41	TEST	283
284	4	TEST	284
285	35	TEST	285
286	2	TEST	286
287	33	TEST	287
288	46	TEST	288
289	18	TEST	289
290	31	TEST	290
291	8	TEST	291
292	14	TEST	292
293	28	TEST	293
294	8	TEST	294
295	49	TEST	295
296	18	TEST	296
297	46	TEST	297
298	26	TEST	298
299	11	TEST	299
300	34	TEST	300
301	19	TEST	301
302	49	TEST	302
303	34	TEST	303
304	36	TEST	304
305	12	TEST	305
306	33	TEST	306
307	1	TEST	307
308	35	TEST	308
309	41	TEST	309
310	23	TEST	310
311	22	TEST	311
312	39	TEST	312
313	40	TEST	313
314	28	TEST	314
315	29	TEST	315
316	38	TEST	316
317	37	TEST	317
318	17	TEST	318
319	30	TEST	319
320	43	TEST	320
321	32	TEST	321
322	8	TEST	322
323	13	TEST	323
324	24	TEST	324
325	38	TEST	325
326	5	TEST	326
327	35	TEST	327
328	15	TEST	328
329	30	TEST	329
330	21	TEST	330
331	42	TEST	331
332	25	TEST	332
333	4	TEST	333
334	41	TEST	334
335	31	TEST	335
336	31	TEST	336
337	40	TEST	337
338	5	TEST	338
339	45	TEST	339
340	49	TEST	340
341	9	TEST	341
342	26	TEST	342
343	22	TEST	343
344	22	TEST	344
345	20	TEST	345
346	1	TEST	346
347	19	TEST	347
348	8	TEST	348
349	16	TEST	349
350	16	TEST	350
351	46	TEST	351
352	36	TEST	352
353	15	TEST	353
354	9	TEST	354
355	16	TEST	355
356	16	TEST	356
357	39	TEST	357
358	46	TEST	358
359	40	TEST	359
360	6	TEST	360
361	16	TEST	361
362	17	TEST	362
363	27	TEST	363
364	23	TEST	364
365	46	TEST	365
366	9	TEST	366
367	31	TEST	367
368	24	TEST	368
369	46	TEST	369
370	27	TEST	370
371	32	TEST	371
372	21	TEST	372
373	15	TEST	373
374	11	TEST	374
375	30	TEST	375
376	3	TEST	376
377	27	TEST	377
378	15	TEST	378
379	1	TEST	379
380	17	TEST	380
381	31	TEST	381
382	49	TEST	382
383	5	TEST	383
384	20	TEST	384
385	24	TEST	385
386	10	TEST	386
387	28	TEST	387
388	0	TEST	388
389	13	TEST	389
390	20	TEST	390
391	6	TEST	391
392	20	TEST	392
393	29	TEST	393
394	15	TEST	394
395	27	TEST	395
396	28	TEST	396
397	20	TEST	397
398	14	TEST	398
399	29	TEST	399
400	21	TEST	400
401	16	TEST	401
402	40	TEST	402
403	40	TEST	403
404	25	TEST	404
405	22	TEST	405
406	49	TEST	406
407	32	TEST	407
408	39	TEST	408
409	1	TEST	409
410	24	TEST	410
411	28	TEST	411
412	10	TEST	412
413	6	TEST	413
414	8	TEST	414
415	34	TEST	415
416	32	TEST	416
417	31	TEST	417
418	39	TEST	418
419	7	TEST	419
420	1	TEST	420
421	16	TEST	421
422	27	TEST	422
423	30	TEST	423
424	42	TEST	424
425	4	TEST	425
426	47	TEST	426
427	40	TEST	427
428	18	TEST	428
429	39	TEST	429
430	3	TEST	430
431	34	TEST	431
432	34	TEST	432
433	47	TEST	433
434	40	TEST	434
435	24	TEST	435
436	43	TEST	436
437	21	TEST	437
438	21	TEST	438
439	2	TEST	439
440	11	TEST	440
441	10	TEST	441
442	21	TEST	442
443	7	TEST	443
444	35	TEST	444
445	17	TEST	445
446	49	TEST	446
447	15	TEST	447
448	18	TEST	448
449	24	TEST	449
450	30	TEST	450
451	1	TEST	451
452	9	TEST	452
453	40	TEST	453
454	22	TEST	454
455	16	TEST	455
456	21	TEST	456
457	31	TEST	457
458	35	TEST	458
459	4	TEST	459
460	38	TEST	460
461	22	TEST	461
462	45	TEST	462
463	2	TEST	463
464	3	TEST	464
465	4	TEST	465
466	22	TEST	466
467	24	TEST	467
468	16	TEST	468
469	7	TEST	469
470	9	TEST	470
471	22	TEST	471
472	19	TEST	472
473	7	TEST	473
474	11	TEST	474
475	0	TEST	475
476	25	TEST	476
477	3	TEST	477
478	30	TEST	478
479	26	TEST	479
480	22	TEST	480
481	35	TEST	481
482	41	TEST	482
483	35	TEST	483
484	40	TEST	484
485	16	TEST	485
486	32	TEST	486
487	17	TEST	487
488	30	TEST	488
489	3	TEST	489
490	48	TEST	490
491	26	TEST	491
492	20	TEST	492
493	13	TEST	493
494	17	TEST	494
495	39	TEST	495
496	13	TEST	496
497	43	TEST	497
498	2	TEST	498
499	35	TEST	499
500	25	TEST	500
501	9	TEST	501
502	45	TEST	502
503	30	TEST	503
504	46	TEST	504
505	37	TEST	505
506	14	TEST	506
507	37	TEST	507
508	13	TEST	508
509	15	TEST	509
510	4	TEST	510
511	10	TEST	511
512	49	TEST	512
513	40	TEST	513
514	23	TEST	514
515	7	TEST	515
516	39	TEST	516
517	2	TEST	517
518	28	TEST	518
519	14	TEST	519
520	1	TEST	520
521	29	TEST	521
522	14	TEST	522
523	29	TEST	523
524	34	TEST	524
525	16	TEST	525
526	19	TEST	526
527	43	TEST	527
528	1	TEST	528
529	8	TEST	529
530	27	TEST	530
531	0	TEST	531
532	25	TEST	532
533	32	TEST	533
534	48	TEST	534
535	48	TEST	535
536	31	TEST	536
537	9	TEST	537
538	39	TEST	538
539	46	TEST	539
540	3	TEST	540
541	9	TEST	541
542	30	TEST	542
543	29	TEST	543
544	22	TEST	544
545	18	TEST	545
546	41	TEST	546
547	5	TEST	547
548	1	TEST	548
549	4	TEST	549
550	36	TEST	550
551	11	TEST	551
552	27	TEST	552
553	37	TEST	553
554	16	TEST	554
555	31	TEST	555
556	9	TEST	556
557	1	TEST	557
558	35	TEST	558
559	7	TEST	559
560	21	TEST	560
561	17	TEST	561
562	16	TEST	562
563	15	TEST	563
564	48	TEST	564
565	20	TEST	565
566	13	TEST	566
567	43	TEST	567
568	6	TEST	568
569	12	TEST	569
570	9	TEST	570
571	8	TEST	571
572	23	TEST	572
573	32	TEST	573
574	6	TEST	574
575	9	TEST	575
576	0	TEST	576
577	31	TEST	577
578	36	TEST	578
579	2	TEST	579
580	38	TEST	580
581	24	TEST	581
582	3	TEST	582
583	39	TEST	583
584	17	TEST	584
585	42	TEST	585
586	31	TEST	586
587	43	TEST	587
588	39	TEST	588
589	16	TEST	589
590	23	TEST	590
591	22	TEST	591
592	19	TEST	592
593	24	TEST	593
594	14	TEST	594
595	39	TEST	595
596	3	TEST	596
597	34	TEST	597
598	30	TEST	598
599	42	TEST	599
600	26	TEST	600
601	43	TEST	601
602	13	TEST	602
603	49	TEST	603
604	32	TEST	604
605	37	TEST	605
606	22	TEST	606
607	14	TEST	607
608	20	TEST	608
609	42	TEST	609
610	13	TEST	610
611	31	TEST	611
612	8	TEST	612
613	45	TEST	613
614	4	TEST	614
615	35	TEST	615
616	14	TEST	616
617	12	TEST	617
618	0	TEST	618
619	45	TEST	619
620	38	TEST	620
621	47	TEST	621
622	5	TEST	622
623	0	TEST	623
624	5	TEST	624
625	5	TEST	625
626	4	TEST	626
627	15	TEST	627
628	0	TEST	628
629	36	TEST	629
630	5	TEST	630
631	0	TEST	631
632	2	TEST	632
633	30	TEST	633
634	45	TEST	634
635	34	TEST	635
636	14	TEST	636
637	43	TEST	637
638	7	TEST	638
639	47	TEST	639
640	48	TEST	640
641	37	TEST	641
642	29	TEST	642
643	12	TEST	643
644	16	TEST	644
645	40	TEST	645
646	17	TEST	646
647	38	TEST	647
648	18	TEST	648
649	0	TEST	649
650	8	TEST	650
651	2	TEST	651
652	27	TEST	652
653	10	TEST	653
654	30	TEST	654
655	42	TEST	655
656	28	TEST	656
657	29	TEST	657
658	39	TEST	658
659	0	TEST	659
660	29	TEST	660
661	12	TEST	661
662	45	TEST	662
663	43	TEST	663
664	19	TEST	664
665	15	TEST	665
666	34	TEST	666
667	45	TEST	667
668	0	TEST	668
669	13	TEST	669
670	47	TEST	670
671	40	TEST	671
672	5	TEST	672
673	14	TEST	673
674	35	TEST	674
675	44	TEST	675
676	1	TEST	676
677	37	TEST	677
678	12	TEST	678
679	46	TEST	679
680	23	TEST	680
681	26	TEST	681
682	15	TEST	682
683	7	TEST	683
684	8	TEST	684
685	45	TEST	685
686	31	TEST	686
687	32	TEST	687
688	6	TEST	688
689	16	TEST	689
690	14	TEST	690
691	4	TEST	691
692	32	TEST	692
693	25	TEST	693
694	25	TEST	694
695	46	TEST	695
696	26	TEST	696
697	29	TEST	697
698	22	TEST	698
699	30	TEST	699
700	0	TEST	700
701	13	TEST	701
702	38	TEST	702
703	48	TEST	703
704	20	TEST	704
705	16	TEST	705
706	14	TEST	706
707	3	TEST	707
708	39	TEST	708
709	40	TEST	709
710	19	TEST	710
711	48	TEST	711
712	25	TEST	712
713	46	TEST	713
714	43	TEST	714
715	6	TEST	715
716	31	TEST	716
717	8	TEST	717
718	42	TEST	718
719	40	TEST	719
720	42	TEST	720
721	16	TEST	721
722	31	TEST	722
723	9	TEST	723
724	14	TEST	724
725	43	TEST	725
726	45	TEST	726
727	24	TEST	727
728	1	TEST	728
729	14	TEST	729
730	25	TEST	730
731	29	TEST	731
732	8	TEST	732
733	30	TEST	733
734	36	TEST	734
735	12	TEST	735
736	28	TEST	736
737	7	TEST	737
738	18	TEST	738
739	34	TEST	739
740	21	TEST	740
741	0	TEST	741
742	9	TEST	742
743	26	TEST	743
744	27	TEST	744
745	10	TEST	745
746	13	TEST	746
747	35	TEST	747
748	17	TEST	748
749	23	TEST	749
750	36	TEST	750
751	20	TEST	751
752	3	TEST	752
753	4	TEST	753
754	3	TEST	754
755	16	TEST	755
756	47	TEST	756
757	19	TEST	757
758	44	TEST	758
759	36	TEST	759
760	32	TEST	760
761	2	TEST	761
762	13	TEST	762
763	4	TEST	763
764	12	TEST	764
765	48	TEST	765
766	16	TEST	766
767	49	TEST	767
768	16	TEST	768
769	2	TEST	769
770	9	TEST	770
771	24	TEST	771
772	6	TEST	772
773	6	TEST	773
774	18	TEST	774
775	12	TEST	775
776	33	TEST	776
777	22	TEST	777
778	18	TEST	778
779	15	TEST	779
780	40	TEST	780
781	11	TEST	781
782	49	TEST	782
783	45	TEST	783
784	43	TEST	784
785	21	TEST	785
786	6	TEST	786
787	35	TEST	787
788	48	TEST	788
789	45	TEST	789
790	25	TEST	790
791	2	TEST	791
792	31	TEST	792
793	22	TEST	793
794	32	TEST	794
795	14	TEST	795
796	25	TEST	796
797	42	TEST	797
798	14	TEST	798
799	15	TEST	799
800	24	TEST	800
801	43	TEST	801
802	4	TEST	802
803	23	TEST	803
804	25	TEST	804
805	32	TEST	805
806	46	TEST	806
807	42	TEST	807
808	5	TEST	808
809	30	TEST	809
810	44	TEST	810
811	1	TEST	811
812	37	TEST	812
813	45	TEST	813
814	3	TEST	814
815	14	TEST	815
816	36	TEST	816
817	26	TEST	817
818	16	TEST	818
819	40	TEST	819
820	15	TEST	820
821	14	TEST	821
822	32	TEST	822
823	3	TEST	823
824	40	TEST	824
825	49	TEST	825
826	12	TEST	826
827	40	TEST	827
828	33	TEST	828
829	38	TEST	829
830	36	TEST	830
831	46	TEST	831
832	40	TEST	832
833	13	TEST	833
834	46	TEST	834
835	16	TEST	835
836	31	TEST	836
837	4	TEST	837
838	35	TEST	838
839	26	TEST	839
840	46	TEST	840
841	48	TEST	841
842	33	TEST	842
843	37	TEST	843
844	34	TEST	844
845	23	TEST	845
846	13	TEST	846
847	36	TEST	847
848	15	TEST	848
849	48	TEST	849
850	49	TEST	850
851	30	TEST	851
852	42	TEST	852
853	36	TEST	853
854	44	TEST	854
855	3	TEST	855
856	39	TEST	856
857	34	TEST	857
858	2	TEST	858
859	37	TEST	859
860	47	TEST	860
861	16	TEST	861
862	5	TEST	862
863	30	TEST	863
864	17	TEST	864
865	10	TEST	865
866	4	TEST	866
867	32	TEST	867
868	32	TEST	868
869	29	TEST	869
870	32	TEST	870
871	20	TEST	871
872	20	TEST	872
873	23	TEST	873
874	9	TEST	874
875	26	TEST	875
876	30	TEST	876
877	36	TEST	877
878	16	TEST	878
879	36	TEST	879
880	6	TEST	880
881	49	TEST	881
882	44	TEST	882
883	12	TEST	883
884	47	TEST	884
885	12	TEST	885
886	11	TEST	886
887	38	TEST	887
888	6	TEST	888
889	12	TEST	889
890	0	TEST	890
891	45	TEST	891
892	27	TEST	892
893	23	TEST	893
894	16	TEST	894
895	37	TEST	895
896	49	TEST	896
897	18	TEST	897
898	18	TEST	898
899	23	TEST	899
900	37	TEST	900
901	38	TEST	901
902	31	TEST	902
903	35	TEST	903
904	39	TEST	904
905	14	TEST	905
906	28	TEST	906
907	15	TEST	907
908	11	TEST	908
909	18	TEST	909
910	34	TEST	910
911	9	TEST	911
912	43	TEST	912
913	43	TEST	913
914	15	TEST	914
915	17	TEST	915
916	34	TEST	916
917	18	TEST	917
918	34	TEST	918
919	26	TEST	919
920	34	TEST	920
921	33	TEST	921
922	36	TEST	922
923	28	TEST	923
924	49	TEST	924
925	1	TEST	925
926	25	TEST	926
927	18	TEST	927
928	7	TEST	928
929	21	TEST	929
930	34	TEST	930
931	1	TEST	931
932	44	TEST	932
933	6	TEST	933
934	47	TEST	934
935	5	TEST	935
936	30	TEST	936
937	3	TEST	937
938	6	TEST	938
939	38	TEST	939
940	34	TEST	940
941	31	TEST	941
942	49	TEST	942
943	33	TEST	943
944	12	TEST	944
945	24	TEST	945
946	46	TEST	946
947	8	TEST	947
948	41	TEST	948
949	0	TEST	949
950	3	TEST	950
951	5	TEST	951
952	20	TEST	952
953	11	TEST	953
954	0	TEST	954
955	31	TEST	955
956	23	TEST	956
957	21	TEST	957
958	45	TEST	958
959	37	TEST	959
960	29	TEST	960
961	37	TEST	961
962	1	TEST	962
963	38	TEST	963
964	15	TEST	964
965	31	TEST	965
966	12	TEST	966
967	41	TEST	967
968	34	TEST	968
969	0	TEST	969
970	37	TEST	970
971	8	TEST	971
972	20	TEST	972
973	34	TEST	973
974	8	TEST	974
975	49	TEST	975
976	38	TEST	976
977	14	TEST	977
978	27	TEST	978
979	41	TEST	979
980	38	TEST	980
981	30	TEST	981
982	39	TEST	982
983	9	TEST	983
984	38	TEST	984
985	20	TEST	985
986	27	TEST	986
987	5	TEST	987
988	23	TEST	988
989	13	TEST	989
990	46	TEST	990
991	31	TEST	991
992	40	TEST	992
993	5	TEST	993
994	42	TEST	994
995	28	TEST	995
996	37	TEST	996
997	0	TEST	997
998	1	TEST	998
999	43	TEST	999
